"iso3","g.hbc22","newinc","snewinc","inc","inc.num","tbhiv","mort","mort.nh","prev","mort.num","source.inc","source.mort","source.prev","var"
"ABW","low",27.3456193294464,10.544992912914,12.1267418498511,12.4169347823181,NA,0.996501830270377,0.996501830270377,15.543260737775,1.02034811906875,"High income",NA,NA,FALSE
"AFG","high",96.4752247323737,101.665167664831,189.186514083572,56239.1023441907,0.00479458537512914,40.7447319682949,40.4890704361752,329.356091311221,12112.106205093,"Expert opinion",NA,NA,FALSE
"AGO","low",228.42211316837,228.008300999574,380.01383499929,86208.5401570262,0.253341195449727,68.8452913799236,53.9107283930956,504.088314250462,15617.9894517772,"Expert opinion",NA,NA,FALSE
"AIA","low",0,2.93759264898635,21.0001361308187,2.9679492393686,NA,0,0,48.401590843523,0,"Expert opinion","VR-imputed",NA,FALSE
"ALB","low",14.1633864657039,14.6735150277816,15.9788075738283,460.296236772772,0.0048246978211343,0.35242100211742,0.28299263708946,19.4253955052366,10.1520755090658,"Expert opinion","imputed",NA,TRUE
"AND","low",11.3470169953099,7.5257794016563,8.65464631190474,6.86451926875036,NA,0.71118615345652,0.71118615345652,11.0891816683092,0.564084409475573,"High income",NA,NA,FALSE
"ARE","low",0.882430934141387,0.97315193775066,1.94630387550132,174.243671901883,0.0754716981132076,0.379267581351388,0.379267581351388,3.29111708983031,33.9540895128672,"Expert opinion","imputed",NA,TRUE
"ARG","low",20.8052105863601,20.7840280988556,23.901632313684,10061.4456621016,0.0677582151865016,1.59211426854502,1.43770245213563,29.3368670569506,670.204067679987,"High income","VR",NA,TRUE
"ARM","low",40.7273987279487,46.2988666435825,53.484563068505,1592.95160084888,0.0520421607378129,6.22890443680202,5.69169225242677,66.9065212738788,185.517890114005,"Mortality","VR",NA,TRUE
"ASM","low",NA,6.48923445800486,7.33711039222319,4.0520659563131,0.000999999999999998,0.558704421768574,0.558704421768574,9.24136608263059,0.308555691010131,"Expert opinion",NA,NA,FALSE
"ATG","low",3.36817523493022,5.77781521985105,6.6444875028287,5.9181785738945,0.717185579036756,1.42776410253531,1.42776410253531,4.57264876827577,1.27169520848718,"High income","VR-imputed",NA,FALSE
"AUS","low",5.69586068055715,5.61410686361183,6.4562228931536,1479.20943788627,0.0116959064327486,0.198522708437184,0.181064131638541,8.20635634900953,45.4842821901998,"High income","imputed",NA,TRUE
"AUT","low",7.33252541518355,7.36482694885609,8.46955099118451,716.140936062878,0.0324412082796541,0.315411680147832,0.303585026252375,10.6157271067003,26.6695620702135,"High income","VR",NA,TRUE
"AZE","low",67.9700436159807,75.1330238547555,94.7259516343342,8867.74817527932,0.0164352146770289,0.900666017810149,0.601567916089662,130.389146330523,84.315642104113,"Mortality","imputed",NA,TRUE
"BDI","low",68.3584451767443,70.6515646434654,132.929674384737,13458.5605924483,0.187652598535054,31.7135217580408,23.476136513509,197.387795376285,3210.8583441285,"Expert opinion",NA,NA,FALSE
"BEL","low",8.20432580072731,8.11998844128818,9.3379867074814,1034.60419823261,0.0720848626622106,0.377878611599805,0.305673324024647,11.4208126157087,41.8671401267088,"High income","VR",NA,TRUE
"BEN","low",39.4635033242479,39.5006204548556,65.8343674247593,6616.21699070406,0.162732526812661,13.4680720113862,10.4729851478969,95.2698529384189,1353.51322355453,"Expert opinion",NA,NA,FALSE
"BES","low",0,0,0,0,NA,0,0,0,0,"High income",NA,NA,FALSE
"BFA","low",31.4029216048665,31.6440360492333,55.2607659922233,9168.21034813736,0.144641617026706,12.5060286100405,9.49833995729038,82.9058251840129,2074.85182041833,"Expert opinion",NA,NA,FALSE
"BGD","high",108.647326390982,112.440621290908,224.533549058819,348604.921207085,0.00153140093449883,51.5895239435939,51.4941983665893,403.167566974635,80096.5468405633,"Expert opinion",NA,NA,FALSE
"BGR","low",28.4922480137234,29.0886698210841,31.6852644695927,2314.20965202407,0.00198281559814937,2.32767980712612,2.31398819347224,38.3985675491896,170.007704421791,"Mortality","VR",NA,TRUE
"BHR","low",16.8719166572309,18.235304930036,20.9706006695414,279.65910729085,0.0472962930172994,0.392658004248191,0.392658004248191,26.0976190450126,5.2363968333129,"High income","VR",NA,TRUE
"BHS","low",8.59318775041086,10.6059600140894,12.1968540162028,45.4196207338573,0.280395311832998,1.75170328225536,0.677554813454001,12.8357490453043,6.52313281872508,"High income","imputed",NA,TRUE
"BIH","low",36.803704087771,35.7047979237976,51.0068541768537,1952.75609660896,0.00124109528497477,4.64288445813115,4.64288445813115,77.3643772602499,177.74907074314,"Expert opinion","imputed",NA,TRUE
"BLR","low",50.3953129303436,48.1489587533759,64.1986116711679,6093.06583823811,0.045238996776097,9.2290029767065,8.57574991342377,90.296955365726,875.921165498083,"Mortality","imputed",NA,TRUE
"BLZ","low",24.9475062888505,27.2999107886839,36.7215947664013,123.644180090107,0.251185149557753,3.58167501490884,2.09670440247726,43.9146555000628,12.0597504924491,"Expert opinion","VR",NA,TRUE
"BMU","low",4.74841323857611,1.72320934378348,1.981690745351,1.25201239600531,NA,0,0,2.54617278261761,0,"High income","imputed",NA,TRUE
"BOL","low",80.6445154209073,81.1595515678921,126.94015072952,12997.0999156368,0.0389007438080486,4.79922190309292,3.31466742277587,197.891092751642,491.380908509555,"Expert opinion","imputed",NA,TRUE
"BRA","high",37.1153221804825,37.1699557287784,45.2625880249787,91612.1951219512,0.163600146019927,3.61373979352176,2.49813587611369,54.2740770546152,7314.26658372638,"Expert opinion","VR",NA,TRUE
"BRB","low",1.42055543717594,1.42238349186514,1.63574101564491,4.60591955185295,0.998531712552978,0.00410571064378451,0.00410571064378451,0.742564496538282,0.0115608600307684,"High income","imputed",NA,TRUE
"BRN","low",59.924243918799,53.8458939627994,61.9227780572193,251.104295755391,0.00546815741298364,3.49868731280389,3.49868731280389,79.1552531546921,14.1875968958973,"High income","VR",NA,TRUE
"BTN","low",151.940740422019,150.705110594748,179.962309017527,1338.39948801734,0.0656698128233716,16.2476016719837,15.97868000752,228.019861598346,120.835200870727,"Trends ARI",NA,NA,FALSE
"BWA","low",321.076958133403,321.023830671502,444.980063974929,9490.63270007136,0.61185784965717,81.2995278926485,24.4265211438434,364.330377972715,1733.97421679054,"Expert opinion",NA,NA,FALSE
"CAF","low",174.997294079446,178.211009420404,378.104083148425,17466.5181210415,0.441186425949861,133.214918758688,51.0198760051431,437.234146758677,6153.86317205758,"Expert opinion",NA,NA,FALSE
"CAN","low",4.7407159616809,4.44021451336087,5.106246690365,1780.45380642897,0.0518305833325717,0.26454871798482,0.224397463620916,6.33360281346219,92.2432464555111,"High income","imputed",NA,TRUE
"CHE","low",5.18533328480393,5.6886929875949,6.54199693573413,524.840077925349,0.0690378238035128,0.167710822635943,0.14278133568977,8.02058715867744,13.4548154158215,"High income","VR",NA,TRUE
"CHL","low",13.7677699266472,13.7478644119241,15.8100440737127,2749.11955342977,0.0437915951724093,1.62872523941426,1.58271765402864,19.7010390674984,283.209862158648,"High income","VR",NA,TRUE
"CHN","high",65.7114928460666,66.6193681418708,72.5523682929573,983365.333209729,0.0135656746182035,3.33279329341267,3.27391711795425,99.064054173603,45172.2454360464,"Expert opinion","Sample VR","survey",FALSE
"CIV","low",112.602019813539,112.558056254727,177.618165551481,37482.1238271148,0.265305134781977,36.6584730896218,23.0345859183431,227.374385693187,7735.9059721845,"Expert opinion",NA,NA,FALSE
"CMR","low",114.50870860844,119.288841000454,242.262184089674,52472.7486914409,0.372272945699183,74.1617738629688,35.4397135815808,302.628316118304,16063.0605104369,"Expert opinion",NA,NA,FALSE
"COD","high",155.046523631137,161.65793208729,326.842243416351,229741.204267377,0.146214205117194,75.017555586275,64.784405357996,518.188460283782,52730.7100252375,"Expert opinion",NA,NA,FALSE
"COG","low",263.707518195655,243.303499871298,382.14906857217,16379.6275192521,0.335119017972734,97.206333589885,44.54882066698,453.527915697072,4166.44620556962,"Expert opinion",NA,NA,FALSE
"COK","low",4.87376937323326,7.18736410640282,5.60346927837061,1.14971982653608,NA,0.168104078351118,0.168104078351118,6.16542239380055,0.0344915947960824,"Expert opinion",NA,NA,FALSE
"COL","low",25.8036205613112,25.0001838827459,32.9487240251308,15446.6972409919,0.169138934863138,2.56582396417044,1.75739442025567,41.5376500617258,1202.88439449106,"Expert opinion","imputed",NA,TRUE
"COM","low",16.3563280588719,17.4888580040266,34.2996542457791,251.643186336125,0.032,7.50520226410399,7.50520226410399,59.7180074361405,55.062741982848,"Expert opinion",NA,NA,FALSE
"CPV","low",83.8540938766546,67.0870102935328,144.012653696089,721.3161785676,0.119047619047619,35.9044953012411,30.9131801895354,239.345133020209,179.834845615326,"Expert opinion",NA,NA,FALSE
"CRI","low",10.2059496174166,9.91858164309559,11.8411044483221,551.102525859495,0.094799740510325,1.05853096468281,0.929613706357545,14.7203672984741,49.2655977221656,"Expert opinion","VR",NA,TRUE
"CUB","low",6.47116176132328,6.62847718473193,9.31597911339738,1056.67713486974,0.0980023539349108,0.325421962027917,0.272524181962604,13.0019892348358,36.9114123457867,"Expert opinion","VR",NA,TRUE
"CUW","low",0.65522641348718,0.65522641348718,0.753510375510257,1.15,0.999,6.19188960745454e-05,6.19188960745454e-05,0.341240007529845,9.45000000000105e-05,"High income",NA,NA,FALSE
"CYM","low",10.4307916970898,5.08846007990278,5.8517290918882,3.36603160823593,0.001,0,0,7.49353019171369,0,"High income","imputed",NA,TRUE
"CYP","low",5.57866223679562,4.63306526669375,5.32802505669781,60.1695468060401,0.00198105774170515,0.323545655642521,0.323545655642521,6.83688678524425,3.65381079554065,"High income","VR",NA,TRUE
"CZE","low",5.35790776451872,4.95880083271017,5.7026209576167,601.350561200422,0.00702048449336413,0.278040194798435,0.278040194798435,7.29097564450995,29.3197861862086,"High income","VR",NA,TRUE
"DEU","low",5.00634012157765,5.02868510157903,5.78298786681589,4654.03019962191,0.0229667175484046,0.406315621120354,0.393889857601919,7.31870644652248,326.994490533741,"High income","VR",NA,TRUE
"DJI","low",407.23552256617,380.198889188861,620.018332999865,5289.18419313862,0.111930008586516,118.354952123157,101.709170832312,929.502844415512,1009.64940652749,"Expert opinion",NA,NA,FALSE
"DMA","low",9.76494385157285,6.45272572860554,11.2298420847051,8.05011229842084,NA,4.34674811544203,4.34674811544203,19.0458059421552,3.11596638655462,"Expert opinion","VR-imputed",NA,FALSE
"DNK","low",6.10608301559087,5.86904326398089,6.74939975357802,378.031990365974,0.0299999999999999,0.414651048895399,0.414651048895399,8.48630419862195,23.2244891463376,"High income","VR",NA,TRUE
"DOM","low",41.9693243825034,42.2088691472091,62.0923939882574,6305.50496276938,0.138177668767341,7.16888867153117,5.10094917825906,85.7882357222073,728.003225393912,"Expert opinion","imputed",NA,TRUE
"DZA","low",58.4410653507064,58.3215385812411,83.0160721828723,31080.7417431738,0.00575456280720362,12.4199866005061,12.2971214722551,125.317372345422,4649.97181670627,"Expert opinion",NA,NA,FALSE
"ECU","low",35.3837833708281,32.6717793997956,58.9729722847135,9093.33333333334,0.112288338066492,5.86961989032559,3.80080997549895,92.5069510366674,905.065628115363,"Expert opinion","VR",NA,TRUE
"EGY","low",9.86797920946478,9.73393590227908,16.7909877810815,14383.3115879842,0.00223773652940684,0.687014951869434,0.64031920262318,28.3171213852164,588.503204646223,"Expert opinion","VR",NA,TRUE
"ERI","low",64.2446915345201,64.2446915345201,107.074485890867,5238.33333333333,0.0857292211186617,21.7887919151496,18.6000639866147,165.296467970004,1065.95846837428,"Expert opinion",NA,NA,FALSE
"ESP","low",12.172716980878,12.5883293465567,14.4765787485402,6751.45390175127,0.0878522377456785,0.667048976885396,0.525530688927328,17.5162374795325,311.092178330203,"High income","VR",NA,TRUE
"EST","low",19.5613425576267,20.4943132327819,23.5684602176992,312.055840666424,0.152608850090391,2.76634558539644,2.38871348968936,27.2477870178934,36.627522088883,"High income","VR",NA,TRUE
"ETH","high",157.632163005213,152.824455407465,238.565077819738,219936.034265109,0.139931578976009,42.4992290313906,35.6525893880519,223.874986895814,39180.5539097025,"Survey",NA,"survey",FALSE
"FIN","low",4.81137564050286,5.18997322778487,5.9684692119526,323.768206998034,0.01707174873859,0.352899961247924,0.352899961247924,7.57435380942167,19.1435665738379,"High income","VR",NA,TRUE
"FJI","low",24.0231171024003,27.4531620906008,52.9689372274904,463.032202289085,0.0338549999699422,4.72753479789636,4.15555581926778,91.2913069349512,41.3261236385949,"Expert opinion","VR",NA,TRUE
"FRA","low",7.40224497739979,7.19475076915162,8.99343846143952,5716.3911881145,0.0597465574602606,0.69532341928258,0.599353824464007,11.909052605534,441.960067211087,"Survey","imputed",NA,TRUE
"FSM","low",139.10893002048,157.153049440794,193.625461521116,200.433332748199,NA,20.3977286777625,20.3977286777625,263.755932753477,21.1149128180726,"Expert opinion",NA,NA,FALSE
"GAB","low",305.487053212014,297.693935209478,436.366665604947,7040.72814920261,0.157340720221607,85.4767363363401,57.7727978527186,595.073399626431,1379.15773834585,"Expert opinion",NA,NA,FALSE
"GBR","low",13.0069374842447,12.1897274361251,13.7134433656408,8718.15239581498,0.0452977705107628,0.470002935978215,0.454273177259815,16.7368576879661,298.79856671192,"Capture-recapture","VR",NA,TRUE
"GEO","low",95.193915320905,96.2428493114923,118.602867853598,4908.87781816613,0.0316394075505424,6.8618404219917,6.57190971543056,158.175371056566,284.006085593899,"Mortality","VR",NA,TRUE
"GHA","low",57.7539684077611,58.2783341857262,172.862704085624,44157.0258059099,0.23355140909937,55.4987997718538,39.1039228185763,82.5315670566058,14176.926981941,"Survey",NA,"survey",FALSE
"GIN","low",98.092944849613,96.553173978194,179.656881815672,20891.8801858099,0.245668595159106,43.8714300008844,29.1407195136934,251.48888415769,5101.70637437094,"Expert opinion",NA,NA,FALSE
"GMB","low",129.101304404607,127.589014473173,174.74075004536,3157.7540733297,0.162452931683701,26.5510863565235,20.1873272452806,128,479.806805635645,"Expert opinion",NA,"survey",FALSE
"GNB","low",113.086281508439,125.938093595334,381.892305528271,6548.00184904885,0.3910741301059,147.353962809492,69.3191795922189,508.787903248801,2526.5605171241,"Expert opinion",NA,NA,FALSE
"GNQ","low",NA,125.331423458547,144.131136977328,1115.18440482331,0.503227608154507,11.311939730449,5.88368254996328,124.767610681162,87.5237581570054,"Expert opinion",NA,NA,FALSE
"GRC","low",4.66260809734806,4.47539981429953,5.14670978644446,571.782061394901,0.0259742479645941,1.03264882795531,1.0146464800891,6.48446073504198,114.723794432796,"High income","VR",NA,TRUE
"GRD","low",0.948082976222079,1.66997555098639,2.38567935855198,2.51631916022629,0.0885816347410602,0.969604573053882,0.969604573053882,3.38120845867112,1.02270011947431,"Expert opinion","VR-imputed",NA,FALSE
"GRL","low",149.08419707511,169.000934998123,194.351075247841,109.505169837644,NA,15.9705883573226,15.9705883573226,249.921111923501,8.99846830404984,"High income",NA,NA,FALSE
"GTM","low",22.3960828587396,21.1956751417736,60.4329518775355,9287.7947306444,0.102109138273492,5.23568933741533,1.78713503319337,110.735460777567,804.660476256059,"Expert opinion","VR",NA,TRUE
"GUM","low",41.7672458800912,43.4934862388317,50.0175091746564,81.4320061619829,0.00136756811734581,4.10451356073836,4.10451356073836,64.0504036749367,6.6824353928313,"High income",NA,NA,FALSE
"GUY","low",98.6273915164621,89.3857431389386,109.257464145573,828.619533826438,0.27268005858802,22.0887999408524,17.8694462930893,120.711291129223,167.523667631419,"Expert opinion","imputed",NA,TRUE
"HKG","low",67.7146741035937,68.0855548407367,78.2983880668472,5560.64033679643,0.00644486808917818,2.82320585164397,2.82320585164397,99.9739849796452,200.500070631445,"High income","VR",NA,TRUE
"HND","low",38.9600434635866,36.9159120572489,47.5122481263252,3675.60975609756,0.107961285058807,1.94496716280395,1.19523839011383,61.8441968276109,150.465207621497,"Expert opinion","imputed",NA,TRUE
"HRV","low",12.5728508064469,13.6067187965077,15.6477266159839,670.820387186222,0.00647980665059714,1.39145242941757,1.39145242941757,20.0150825542334,59.6517743669958,"High income","VR",NA,TRUE
"HTI","low",161.058188551699,153.95016420771,212.978958154667,21913.0386807257,0.200103565616215,34.3486351773596,23.9976019984592,265.353946928062,3534.07199374603,"Expert opinion",NA,"survey",FALSE
"HUN","low",11.6384929447034,11.1497380891483,12.8221988025205,1276.87738289899,0.00802682153772562,0.924935452292139,0.924935452292139,16.3910154520415,92.1081616236619,"High income","VR",NA,TRUE
"IDN","high",132.57008800185,130.82811155357,406.605441534667,1008535.40736376,0.0571198606666178,50.197307478714,42.4763085390885,673.332884417658,124508.323734011,"Expert opinion","VA-imputed","survey",FALSE
"IND","high",102.077126955613,109.267454406009,175.631786433688,2219265.05616669,0.0536172118271079,24.3474176561196,21.3571272300361,229.6381596503,307651.446866784,"Expert opinion","VA","survey",FALSE
"IRL","low",7.30526227391177,7.74098446148507,8.90213213070783,415.539777047029,0.0389122505584683,0.518140846231894,0.518140846231894,11.1560590454675,24.1861307561878,"High income","imputed",NA,TRUE
"IRN","low",14.4990002557218,13.7302058210831,20.5981219908924,15686.9066150734,0.02222255050916,3.4019403738286,3.29032879786987,31.7405018097785,2590.81488001156,"Expert opinion",NA,NA,FALSE
"IRQ","low",26.2883044171087,26.1160782404037,44.5447993334575,14680.9065849795,0.000255721774709117,2.4049360859097,2.4049360859097,67.7704583942907,792.609744535714,"Capture-recapture","imputed",NA,TRUE
"ISL","low",3.09207902117147,3.28977117769949,3.78323685435441,12.235252813562,0.00130257842942111,0.32146198174211,0.32146198174211,4.83629668578052,1.03963055129271,"High income","imputed",NA,TRUE
"ISR","low",6.57611982158181,4.82623780209594,5.55017347241033,427.058486346756,0.0480657589020506,0.19209688499152,0.179100600759145,6.88999989502587,14.7809082624544,"High income","VR",NA,TRUE
"ITA","low",5.18265537332135,5.73383943255078,6.59391534743339,3939.05448946933,0.0669238352382719,0.507580415913149,0.477448698626397,8.08881239440198,303.21695240562,"High income","VR",NA,TRUE
"JAM","low",3.29356325541583,3.65745426436134,5.22493466337334,144.363116021873,0.206269388077992,0.648424758408948,0.358880735954809,6.72102854168371,17.9157491261738,"Expert opinion","imputed",NA,TRUE
"JOR","low",4.73232280846631,5.08974891105513,5.77200391284164,403.719985401792,0.001,0.29561527213317,0.29561527213317,7.3174880461271,20.6766653578712,"Expert opinion","imputed",NA,TRUE
"JPN","low",16.4047737647829,16.4286337930934,18.8929288620575,24020.4359368772,0.00425119927221,1.7738634397293,1.76757115463949,24.1624350900804,2255.28680205628,"High income","VR",NA,TRUE
"KAZ","low",107.041870040374,119.386300324722,125.53443450428,21116.7184096419,0.0205755372767975,10.7551834938154,10.5292815132792,138.389972099483,1809.17835157958,"Mortality","VR","survey",TRUE
"KEN","high",218.571910974356,225.13488955988,271.435913600176,115476.921007022,0.378817824359738,34.4107166633223,16.5628828798011,270.9119642197,14639.3436197195,"Expert opinion",NA,NA,FALSE
"KGZ","low",109.680377746657,110.62604988203,139.563440443403,7882.8641121564,0.0218334297281666,12.1230350571954,11.3794392758621,190.460157472537,684.736903011026,"Mortality","VR",NA,TRUE
"KHM","high",270.929808043349,273.68638370145,411.076052534315,60971.8483558236,0.0441430945713568,70.6688654752708,64.3178419795178,764.033354052641,10481.7863328991,"Survey",NA,"survey",FALSE
"KIR","low",324.516976177077,343.780071273955,429.127061298196,457.535272756137,0.001,31.4486981276298,31.4486981276298,590.136379775348,33.5306019436789,"Expert opinion","imputed",NA,TRUE
"KNA","low",3.72786579683131,5.61452100760803,6.45669915874923,3.46401909866896,0.001,2.42995256000127,2.42995256000127,8.27184215142947,1.30366954844068,"High income","VR",NA,TRUE
"KOR","low",88.0938612656944,86.7848828321332,95.7541970279287,47502.1739130435,0.0040490639012657,5.54261033323535,5.52446826304654,117.784863377016,2749.60313128399,"High income","VR",NA,TRUE
"KWT","low",21.5523480800718,23.12604541211,26.5949522239265,909.435933208468,0.0154511250770019,0.748522296967645,0.748522296967645,33.7261941562923,25.5963262478692,"High income","VR",NA,TRUE
"LAO","low",63.6176145711836,65.5531311653056,204.353799760361,13227.923635388,0.0381433473318305,63.5167967943429,59.2993104471032,513.645683303482,4111.47401489621,"Survey",NA,"survey",FALSE
"LBN","low",12.7938082841736,12.0304075067329,15.6800389950057,772.125417814297,0.50940839000655,0.946966302345409,0.946966302345409,14.2495445967529,46.631054430885,"Expert opinion",NA,NA,FALSE
"LBR","low",193.14321307923,150.929253998581,304.168898932927,12745.148327083,0.17055585204997,65.6414601621354,58.410224086143,470.486349065142,2750.47892505673,"Expert opinion",NA,NA,FALSE
"LBY","low",24.6522465612981,24.4645858288733,39.9509220464619,2510.27743439505,0.0716591349257585,6.86328171042049,6.86328171042049,61.8780636824159,431.247648891012,"Expert opinion",NA,NA,FALSE
"LCA","low",6.08104372823263,7.49999923697272,6.99397357217891,12.6513987947144,0.153656050004145,0.670361039199681,0.670361039199681,6.50705135695765,1.2126160838083,"Expert opinion","VR",NA,TRUE
"LKA","low",44.8294087972977,46.62992914447,66.2239759136593,13524.1689720007,0.00342762394905747,6.19034645752196,6.11689576042098,100.11357902049,1264.18401087702,"Expert opinion","imputed",NA,TRUE
"LSO","low",523.785428790992,518.573441022788,984.770014793729,20259.978793056,0.744437203239922,328.230758291492,55.2071174675315,674.157408384272,6752.79314186594,"Expert opinion",NA,NA,FALSE
"LTU","low",54.2019614811357,54.8167497769004,67.5778110932643,2038.48196851587,0.0235580828594639,9.05512319857897,8.45840435658482,90.6295542153355,273.147429080207,"High income","VR",NA,TRUE
"LUX","low",8.45103750570445,5.94384927851488,6.83542667029211,36.3972115797047,0.0708246819788243,0.193414586577644,0.193414586577644,8.38613499910097,1.02989205646277,"High income","VR-imputed",NA,FALSE
"LVA","low",47.0769578172786,41.9467309425286,49.6984121745579,1012.4013845667,0.130381459171404,3.64202164143047,2.80749788450269,59.9781275696513,74.1912586554159,"High income","VR",NA,TRUE
"MAC","low",72.4321979048449,71.2216846201473,81.9049373131694,456.835435506053,0.00991017302166547,3.98140317644646,3.98140317644646,104.443639094733,22.2067937990431,"High income","imputed",NA,TRUE
"MAR","low",86.8143192238463,86.7013001586202,102.573270564322,33832.96245215,0.0207501695213716,8.67953382828614,8.3551359879875,133.35474332702,2862.87392903617,"Expert opinion","VR",NA,TRUE
"MCO","low",NA,2.01099443656086,2.31264360204499,0.865021212908908,NA,0.190038974255001,0.190038974255001,2.96550708292539,0.0710821779303407,"High income",NA,NA,FALSE
"MDA","low",108.202851018736,105.886857166645,160.369635506224,6534.66813757529,0.0597473945516069,14.5756022483768,11.8515114198262,241.001940417297,593.919935639823,"Mortality","VR",NA,TRUE
"MDG","low",115.64691760729,117.218662907346,235.687641030642,52543.5427659764,0.0439932911072431,54.4532319484042,52.062424133468,409.653119734604,12139.6510615278,"Expert opinion",NA,NA,FALSE
"MDV","low",31.9009793600664,31.7815224501214,38.7067798913846,133.467557218076,0.00239091452480574,2.17644450554677,2.17644450554677,52.0293061090398,7.5047506506912,"Expert opinion","imputed",NA,TRUE
"MEX","low",16.7689346400913,16.6504089992643,20.6351018813574,25189.4675826041,0.0813447593935399,2.05629070915351,1.83183110527539,26.696452939006,2510.13387074321,"Mortality","VR",NA,TRUE
"MHL","low",275.335624632095,289.617287783711,344.876795737799,181.622466939397,0.00138967767393483,32.4050118644794,32.4050118644794,457.512372976026,17.0654513981908,"Expert opinion",NA,NA,FALSE
"MKD","low",16.7208725782522,16.4195008513574,18.897450815098,391.039280481579,0.00275548919353661,2.58454440460629,2.58454440460629,24.2928952808946,53.4812020011966,"Expert opinion","imputed",NA,TRUE
"MLI","low",33.8001951672672,35.7452010855494,60.8001900149001,9796.32907983346,0.0721171010353445,13.4866851924027,10.9917020015761,96.1099454116122,2173.01962886161,"Expert opinion",NA,NA,FALSE
"MLT","low",10.1059682961337,10.2135255732589,11.7455544092478,48.8140543026573,0.0358388365156147,0.241891779760023,0.241891779760023,14.7181381354776,1.00529256101147,"High income","VR",NA,TRUE
"MMR","high",268.670879999047,264.296438200982,376.435780763792,197793.818111636,0.100609003565125,59.916632744493,50.4997345774938,489.074586586344,31482.5002418204,"Expert opinion",NA,"survey",FALSE
"MNE","low",15.7085518638678,18.0405750208551,19.9651897256558,124.555631230065,0.001,0.216426856222528,0.216426856222528,24.6897604360687,1.35020924230411,"Expert opinion","imputed",NA,TRUE
"MNG","low",146.990801324199,157.395338558931,193.099620809559,5422.89196004697,0.00115440115440116,2.73835908638476,2.66714261287497,262.193281234044,76.9024061829868,"Expert opinion","imputed",NA,TRUE
"MNP","low",60.0217578872341,57.589809980862,66.2282814779913,35.3089459871763,0.00763944079968439,5.40066139548215,5.40066139548215,84.4982374817278,2.87930861638735,"High income",NA,NA,FALSE
"MOZ","high",185.524942983558,193.639998495582,550.90593945776,141764.228748389,0.577851929050143,222.998486608286,63.6656660291437,545.013505228847,57384.04,"Expert opinion",NA,NA,FALSE
"MRT","low",69.260089905739,62.041345348477,120.885920728445,4565.94221948026,0.0988237125661071,25.4595162207958,24.47992014797,197.784541435355,961.622985535327,"Expert opinion",NA,NA,FALSE
"MSR","low",0,3.96974034100091,4.56520139215105,0.229629630025198,NA,20.827416453659,20.827416453659,5.83323619376348,1.04761904761905,"High income","VR-imputed",NA,FALSE
"MUS","low",10.1721719573881,9.64343215596269,21.0559094902453,264.953878684078,0.093371900314447,1.85046294516803,1.05576201099708,36.0664599341358,23.2850229010802,"Expert opinion","VR",NA,TRUE
"MWI","low",129.518696168692,123.059999825118,294.194567285588,46189.8297521507,0.601953205883443,102.994585317085,30.7609225067016,142.939766004165,16170.5989511743,"Survey",NA,"survey",FALSE
"MYS","low",75.2913140885826,73.5062205240384,91.882775655048,26666.1640209426,0.0718999405587569,8.9754067569316,7.12163681598348,120.532387440921,2604.83716375264,"Expert opinion","imputed",NA,TRUE
"NAM","low",436.498672351084,456.169511869455,760.282519782426,17422.976350468,0.470222921429938,190.987511899957,76.5282479214615,791.564116032176,4376.75576707978,"Expert opinion",NA,NA,FALSE
"NCL","low",15.0121084506319,15.5982334693412,17.9379684897424,45.4062002584001,NA,1.47403306285275,1.47403306285275,22.9904523814225,3.73120515166853,"High income",NA,NA,FALSE
"NER","low",62.3108178588282,61.5804578229249,105.478555102913,18601.9680346997,0.087003467698751,21.9881978293691,18.9205708877342,165.035396688051,3877.79063491626,"Expert opinion",NA,NA,FALSE
"NGA","high",55.1698630916855,54.3118072022167,338.605824938726,569671.804458386,0.234048474728041,144.611683557408,94.8828440467226,323,243295.279202068,"Survey",NA,"survey",FALSE
"NIC","low",47.4729259691198,45.1033526239818,53.6405744381467,3152.47479752519,0.0391209366937624,3.66818318701005,3.36190624527379,69.1122939347388,215.580373082864,"Expert opinion","VR",NA,TRUE
"NIU","low",0,5.62655725331383,0,0,NA,0,0,6.15857521423138,0,"Expert opinion",NA,NA,FALSE
"NLD","low",5.49276095898352,5.35814587492031,6.16186775615836,1032.07082521843,0.0322908519452462,0.11724893131892,0.0933673619320349,7.75883191828316,19.6383963582075,"High income","VR",NA,TRUE
"NOR","low",6.83489270513695,6.73207139629406,7.74188210573816,388.516056773269,0.0258204385763602,0.0840867863766737,0.0840867863766737,9.76004319273406,4.21978353888749,"High income","VR",NA,TRUE
"NPL","low",127.979421476289,126.810054580732,160.791188407903,44218.4048867938,0.0374578245316623,19.3008747682984,17.7263588001428,218.672920483081,5307.8399607871,"Expert opinion",NA,NA,FALSE
"NRU","low",NA,59.9264538373355,53.8573149460376,5.42827877341113,NA,1.61571944838113,1.61571944838113,59.1496308348372,0.162848363202334,"Expert opinion",NA,NA,FALSE
"NZL","low",6.60522380775147,6.50600890462577,7.48191024031963,331.888784425598,0.0173410404624277,0.134624999090187,0.134624999090187,9.47824561069847,5.97180744839175,"High income","imputed",NA,TRUE
"OMN","low",10.7751568885409,9.97719787081743,11.47377755144,406.767443851448,0.0166859024342231,0.696376520975282,0.668169303989573,14.5932116743676,24.687884711494,"High income","imputed",NA,TRUE
"PAK","high",150.781669990863,162.20350867966,275.56301301912,488827.43447367,0.00899519573338243,28.2450662118456,27.7704118847783,344.12971679945,50104.5590320839,"Expert opinion",NA,"survey",FALSE
"PAN","low",40.6008823747029,40.6590288248859,50.8237860311073,1902.72108015604,0.152776906843742,7.02099294908395,5.73885982146175,62.792609585236,262.849195840555,"Expert opinion","VR",NA,TRUE
"PER","low",98.6777709222074,100.691822409217,125.864778011521,37959.2663942098,0.0458186124130465,8.05656999566232,7.05851861637521,168.13270202041,2429.76225374941,"Expert opinion","VR",NA,TRUE
"PHL","high",225.612416059677,214.774540783004,297.300817551914,285460.283297454,0.00652528307447858,18.6829559818252,18.6069280334514,460.560960935303,17938.8740041873,"Expert opinion","imputed","survey",TRUE
"PLW","low",19.2715359414145,56.1361200281641,64.5565380323887,13.3993550340026,0.017984629920633,5.2094573386642,5.2094573386642,82.1087850675428,1.08127496521314,"Expert opinion",NA,NA,FALSE
"PNG","low",287.314793979485,275.129135634267,416.006116916259,29764.6968574064,0.11230253580391,72.7714556384288,61.1010828713485,598.807478752269,5206.70304803725,"Expert opinion",NA,NA,FALSE
"POL","low",18.2701214929409,18.2006429742278,20.930739420362,8081.25090620115,0.0130154845059246,1.75759302614107,1.73428269250959,26.6455212736784,678.597633364914,"High income","VR",NA,TRUE
"PRI","low",1.92116512441303,1.57508672618058,1.81134973510767,66.9415812094429,0.197005104925563,0.236389019177507,0.236389019177507,2.02855724704324,8.73616752059815,"High income","imputed",NA,TRUE
"PRK","low",371.052336894765,373.7905997911,416.812245660777,103216.687740205,0.002606128433943,29.7042395875754,29.6355897565126,521.015307075971,7355.76570503705,"Expert opinion",NA,"NTP",FALSE
"PRT","low",23.680420457753,22.6883321109746,26.0915819276208,2743.53401434243,0.12459200469004,1.7290566206424,1.37717888693282,30.7157989196814,181.810580309608,"High income","VR",NA,TRUE
"PRY","low",37.8733131405034,36.5303798215166,45.0102813351934,2871.27876302775,0.0782208588957055,3.59618015757825,3.00049062970609,58.0517013048429,229.406158063772,"Expert opinion","VR",NA,TRUE
"PSE","low",0.744562483450935,0.81846904295553,5.55017347241033,238.536798542354,0.001,0.19209688499152,0.179100600759145,6.88999989502587,8.25598986835563,"Neighbour","VR-imputed",NA,FALSE
"PYF","low",18.2631723130308,19.4333184123642,22.3483161742188,61.1841026059675,NA,1.83644858996841,1.83644858996841,28.670146161831,5.02773712718603,"High income",NA,NA,FALSE
"QAT","low",36.1178473762964,29.7194558060056,34.1773741769065,688.887356479529,0.00140928332486169,0.194907310353272,0.194907310353272,43.8521996435124,3.92859852523503,"High income","VR",NA,TRUE
"ROU","low",80.7572682293476,83.2258177266068,93.8508070493692,18718.5002946254,0.0227840799846183,6.74945449893494,6.33832294154955,116.714085870145,1346.1755950635,"Mortality","VR",NA,TRUE
"RUS","high",73.8047446080725,78.0073706275986,93.3256435286604,133724.015068361,0.0642153438712611,14.309540916691,13.2913085981451,118.883304256106,20503.7885924383,"High income","VR",NA,TRUE
"RWA","low",56.3076908854757,59.5251430209985,75.5293271370309,8170.27166905761,0.261431868152579,10.644762171465,6.40157876702679,95,1151.48118075497,"Expert opinion",NA,"survey",FALSE
"SAU","low",12.5101509364967,12.7028632596025,14.6082927485429,4308.8688950078,0.0230994152046784,2.50490014292582,2.50490014292582,18.4396342197329,738.846523460467,"High income","VR",NA,TRUE
"SDN","low",49.7846598017311,51.9237863872733,103.269414922098,38945.3954869643,0.032702073042364,25.5760109383889,22.8633767451973,214.827274484621,9645.33266433114,"Survey",NA,"survey",FALSE
"SEN","low",89.0051079425502,89.0490635159669,136.492578584864,18808.8247409792,0.0877699273559558,24.3199730910515,21.047139525451,202.160805892839,3351.31855751783,"Expert opinion",NA,NA,FALSE
"SGP","low",43.4189938568068,36.4743716971995,41.9455274517794,2222.91329423364,0.0237014624306606,1.65627539602916,1.48644882292561,52.9038280347145,87.7747121186603,"High income","VR",NA,TRUE
"SLB","low",65.7365221919944,67.01689325914,97.3753456553642,534.748395707911,NA,15.0646413281506,15.0646413281506,149.66710161254,82.7292856104984,"Expert opinion",NA,NA,FALSE
"SLE","low",216.343874567548,208.197446562713,314.464935428562,19003.6097578966,0.111330555803167,56.4344153155688,46.1583294882437,453.041589138898,3410.42031955187,"Expert opinion",NA,NA,FALSE
"SLV","low",33.8096380688949,33.0616085375951,36.8088768147586,2235.12076487512,0.101097621285731,2.08108776817144,1.58703558012134,42.9210686546356,126.368498217869,"Expert opinion","VR",NA,TRUE
"SMR","low",NA,1.26502917997703,1.45478355697358,0.453485130379806,NA,0,0,1.86439164107143,0,"High income","imputed",NA,TRUE
"SOM","low",119.348630555442,122.670935992515,285.75396851086,28671.4959106962,0.0779175197638465,72.4801830113001,68.055064684234,507.251636836986,7272.39338667671,"Expert opinion",NA,NA,FALSE
"SRB","low",20.8403422714504,23.1564661593572,21.1880530785854,1903.23339446533,0.00755324817423461,1.66644510858852,1.65531244711873,23.2005496386433,149.689731706149,"Expert opinion","VR",NA,TRUE
"SSD","low",76.5257126121168,76.5257126121168,146.080574839789,16040.5571993901,0.114965095986038,28.5019845520979,28.5019845520979,256.603785333046,3129.69547118411,"Neighbour",NA,"survey",FALSE
"STP","low",64.4315456847673,72.39737631978,92.5049708130868,165.10657210603,0.141039640905019,12.6540395848472,9.29239372303323,117.088949846131,22.5854360126186,"Expert opinion",NA,NA,FALSE
"SUR","low",24.2178852866887,27.8024530117334,41.5309583362174,219.505650642327,0.270355252529958,5.17003486750778,2.52120366427621,51.601154012117,27.3254437869822,"Expert opinion","VR",NA,TRUE
"SVK","low",5.92743490162305,6.80483460987461,7.8255598013558,423.792878020032,0.00109641250724408,0.528504765956466,0.528504765956466,10.0157377540843,28.6211544601818,"High income","imputed",NA,TRUE
"SVN","low",6.4957697511393,7.33038726867176,8.42994535897252,173.899741120626,0.001,0.832547679659007,0.832547679659007,10.7895902495768,17.1744678996265,"High income","imputed",NA,TRUE
"SWE","low",6.21368126874779,6.25974814703936,7.19871036909527,687.005828629148,0.0289433062026382,0.184594437334868,0.174116054082342,9.06907011456134,17.6166907514451,"High income","VR",NA,TRUE
"SWZ","low",581.71916076558,625.025930915777,1041.70988485963,12830.678149223,0.753291008280414,267.877759992493,48.8298471180286,697.146600047624,3299.43429716193,"Expert opinion",NA,NA,FALSE
"SXM","low",2.84624580178744,2.84624580178744,3.27318267205556,1.15,NA,0.268970228268913,0.268970228268913,4.19125995034282,0.0945,"High income",NA,NA,FALSE
"SYC","low",21.1586475392493,18.0240548581927,20.7276630869216,19.5926162562817,0.131766113000526,0,0,24.3022729539358,0,"High income","VR",NA,TRUE
"SYR","low",15.0309658919705,16.6335493094346,17.7746145862742,3551.14687813214,0.00104403423802301,0.0877406803873616,0.0877406803873616,21.1393514885936,17.5294964473308,"Expert opinion","imputed",NA,TRUE
"TCA","low",24.6685168054271,15.107395533126,17.3735048630949,5.63422762710169,0.142857142857143,2.21791240908706,2.21791240908706,20.2448742096074,0.719268994266933,"High income","imputed",NA,TRUE
"TCD","low",83.2450877730386,82.3975690676341,151.018121130206,19202.6563359689,0.29095272812726,38.8044202721028,22.6744556974687,199.670629909761,4934.16247815214,"Expert opinion",NA,NA,FALSE
"TGO","low",42.1461101719778,41.5604104397069,69.2673507328449,4672.48525023815,0.235227700414001,15.2387701670945,10.0650127101757,93.5997201340676,1027.9435850252,"Expert opinion",NA,NA,FALSE
"THA","high",89.7860211991133,95.9657288324037,172.492426750753,115853.037743031,0.141854697714958,18.8622382566873,11.2063659927274,243,12668.6582236312,"Survey","imputed","survey",TRUE
"TJK","low",82.0584826821675,81.0189433103571,107.57910797741,8532.02267252175,0.0138039215686274,4.76755487388361,4.03624079958034,154.142533571103,378.111392083749,"Mortality","imputed",NA,TRUE
"TKL","low",NA,0,0,0,NA,0,0,0,0,"Expert opinion",NA,NA,FALSE
"TKM","low",56.776212989864,56.4801539080194,81.3098093841291,4206.10846665346,NA,6.0196967480454,6.0196967480454,124.254247623562,311.395361155307,"Mortality","imputed",NA,TRUE
"TLS","low",347.344466261855,381.76316619527,498.183846396782,5490.3646070158,0.00723844218195601,61.0685234784952,61.0685234784952,707.404162381868,673.021540810861,"Expert opinion",NA,NA,FALSE
"TON","low",10.4992889117964,10.5400069023469,15.0571527176385,15.7752283307426,0.00100000000000001,2.25631433473812,2.25631433473812,22.8723900095264,2.36391796536178,"Expert opinion",NA,NA,FALSE
"TTO","low",20.4236947656456,18.8618419136586,21.6911182007074,291.003486645868,0.269684818271635,2.73473593048283,1.91480657857735,22.9829608143934,36.6886429488122,"High income","imputed",NA,TRUE
"TUN","low",29.7662535783374,26.6582437773086,30.584147094483,3327.99867401262,0.0052156748786579,2.04281244109997,1.99686268256595,38.8999699000207,222.287614372072,"Expert opinion","imputed",NA,TRUE
"TUR","low",18.8899847369084,19.4910895742468,22.4147530103838,16777.2603963303,0.00244149818110604,0.820478260750921,0.809790101906925,23.1150847041692,614.121307683805,"High income","VR","survey",TRUE
"TUV","low",192.697768762677,161.260042183973,240.872210953347,23.75,NA,39.0710338363499,39.0710338363499,375.431473971387,3.8524039362641,"Expert opinion",NA,NA,FALSE
"TZA","high",128.4368164929,126.946254966789,166.376790860419,80935.1695254978,0.382153413994572,27.1917033301963,12.8286687612069,173.126521077234,13227.5968741506,"Expert opinion",NA,NA,FALSE
"UGA","high",126.164457006685,125.629845347504,178.977743269797,63359.2307795166,0.502651852296285,37.3027720924383,13.2834187590786,169.639641972195,13205.4125979101,"Expert opinion",NA,NA,FALSE
"UKR","low",90.445821110699,77.7318485455096,100.632673741044,45606.6764167775,0.14771309610888,19.0187612814688,15.7023409562827,127.901716837553,8619.29291319342,"Mortality","VR",NA,TRUE
"URY","low",23.7874228711949,23.6818604070265,27.2341394680804,925.076449406207,0.158283041355845,2.04125231099659,1.48189459496602,31.3530350896769,69.336299111346,"High income","imputed",NA,TRUE
"USA","low",3.15915403477576,3.18092824255935,3.65806747894325,11515.5768530523,0.0720087181072543,0.222006444252207,0.168321473726605,4.47785417927335,698.875098771469,"High income","imputed",NA,TRUE
"UZB","low",51.8738320125127,62.4943317782094,89.2776168260134,25526.6588449456,0.0418790707651572,10.6340362652965,9.81913585679357,131.700859696056,3040.53160847713,"Mortality","imputed",NA,TRUE
"VCT","low",27.4388570801398,11.310945535851,24.0435691966239,26.2877959454368,0.349714039532615,3.8000771030778,3.8000771030778,31.1854366152959,4.15477629987908,"Expert opinion","VR",NA,TRUE
"VEN","low",21.7557051698992,21.5984276414463,24.8381917876633,7415.25289118545,0.121793557995757,2.19105251783856,1.78574992729849,29.3019944052299,654.122033380517,"High income","imputed",NA,TRUE
"VGB","low",0,1.09798596815576,1.26268386337913,0.360003796288023,NA,3.78401491629098,3.78401491629098,1.61965439202121,1.07886049278372,"High income","imputed",NA,TRUE
"VIR","low",NA,6.71304181783453,7.7199980905097,8.19663077261777,NA,0.976162826851853,0.976162826851853,9.8894133121665,1.03643111978169,"High income","imputed",NA,TRUE
"VNM","high",113.036344375044,110.548808270802,147.455108838827,133204.379149,0.0696785302572633,21.9779613140868,19.8481242079917,216.990442248545,19853.9115725287,"Expert opinion","VA-imputed","survey",FALSE
"VUT","low",50.5054586299687,47.4345948577471,64.6228685600045,159.94030722864,NA,8.8139955377031,8.8139955377031,95.1216766618981,21.8144626759044,"Expert opinion",NA,NA,FALSE
"WLF","low",NA,17.303655113065,19.8992033800248,2.6569416353009,NA,1.63519540818464,1.63519540818464,25.5695033537254,0.218331290900813,"High income",NA,NA,FALSE
"WSM","low",11.6463120894013,10.2972599718274,17.5390737944592,33.1314857884714,NA,3.42289774288649,3.42289774288649,29.4067356239888,6.46588806529001,"Expert opinion",NA,NA,FALSE
"YEM","low",39.6539102203643,36.8721850726732,48.4060121558372,12044.7673202317,0.00592981987971879,6.13825134671364,6.02974262309452,69.1702860143137,1527.36831503995,"Capture-recapture",NA,NA,FALSE
"ZAF","high",612.567559787433,637.799103831463,892.045038056027,471332.280961067,0.63947723768511,180.227687018235,50.6752048065301,704.478194362587,95227.3968136875,"Expert opinion","VR",NA,TRUE
"ZMB","low",275.425400909108,278.787200245119,456.10038429926,67441.6527657214,0.614622057001239,108.817158466054,32.6061668920041,348.072744861543,16090.3372784814,"Survey",NA,"survey",FALSE
"ZWE","high",245.511957654405,241.756400909901,354.902739063401,51693.2945757866,0.72566925549771,74.8883835867425,15.3366296523379,421.233137570153,10907.8540314179,"Survey",NA,"survey",FALSE
